"pop","No.Inflorescences.plant","Inflorescence.length..cm.","Emerg_per","Aver_w","latitude","longitude","metaPop","popSize","pH","organic.matter","Al","Ca","Fe","K","Mg","P","S","Si","Zn","PO3","NO3","NH4"
"BEEKB",1,53,5,0.001325,52.171,6.014,"NL",66,4.42,3.205,67.225,6332.045,1.965,244.765,1180.005,1.195,473.695,201.24,19.22,0.615,236.03,50.825
"BEEKB",2,57,35,0.00108,52.171,6.014,"NL",66,4.42,3.205,67.225,6332.045,1.965,244.765,1180.005,1.195,473.695,201.24,19.22,0.615,236.03,50.825
"BEEKB",2,30,35,0.00108,52.171,6.014,"NL",66,4.42,3.205,67.225,6332.045,1.965,244.765,1180.005,1.195,473.695,201.24,19.22,0.615,236.03,50.825
"BEEKB",1,43,0,0.001155,52.171,6.014,"NL",66,4.42,3.205,67.225,6332.045,1.965,244.765,1180.005,1.195,473.695,201.24,19.22,0.615,236.03,50.825
"BEEKB",1,45,60,0.000945,52.171,6.014,"NL",66,4.42,3.205,67.225,6332.045,1.965,244.765,1180.005,1.195,473.695,201.24,19.22,0.615,236.03,50.825
"BEEKB",1,42,80,0.0014,52.171,6.014,"NL",66,4.42,3.205,67.225,6332.045,1.965,244.765,1180.005,1.195,473.695,201.24,19.22,0.615,236.03,50.825
"BEEKB",1,30,100,0.001125,52.171,6.014,"NL",66,4.42,3.205,67.225,6332.045,1.965,244.765,1180.005,1.195,473.695,201.24,19.22,0.615,236.03,50.825
"BEEKB",1,30,95,0.001105,52.171,6.014,"NL",66,4.42,3.205,67.225,6332.045,1.965,244.765,1180.005,1.195,473.695,201.24,19.22,0.615,236.03,50.825
"BLAN1",1,63,100,0.00198,50.452,6.619,"Eifel",5000,5.265,10.955,105.935,19719.405,6.7,725.805,4746.925,1.22,140.245,179.615,21.195,0.005,6.87,140.295
"BLAN1",1,51,95,0.001345,50.452,6.619,"Eifel",5000,5.265,10.955,105.935,19719.405,6.7,725.805,4746.925,1.22,140.245,179.615,21.195,0.005,6.87,140.295
"BLAN1",1,43,55,0.001265,50.452,6.619,"Eifel",5000,5.265,10.955,105.935,19719.405,6.7,725.805,4746.925,1.22,140.245,179.615,21.195,0.005,6.87,140.295
"BLAN1",1,39,85,0.001845,50.452,6.619,"Eifel",5000,5.265,10.955,105.935,19719.405,6.7,725.805,4746.925,1.22,140.245,179.615,21.195,0.005,6.87,140.295
"BLAN1",1,67,90,0.00149,50.452,6.619,"Eifel",5000,5.265,10.955,105.935,19719.405,6.7,725.805,4746.925,1.22,140.245,179.615,21.195,0.005,6.87,140.295
"BLAN1",1,51,65,0.001795,50.452,6.619,"Eifel",5000,5.265,10.955,105.935,19719.405,6.7,725.805,4746.925,1.22,140.245,179.615,21.195,0.005,6.87,140.295
"BLAN1",1,43,100,0.001795,50.452,6.619,"Eifel",5000,5.265,10.955,105.935,19719.405,6.7,725.805,4746.925,1.22,140.245,179.615,21.195,0.005,6.87,140.295
"BLAN1",1,49,85,0.00141,50.452,6.619,"Eifel",5000,5.265,10.955,105.935,19719.405,6.7,725.805,4746.925,1.22,140.245,179.615,21.195,0.005,6.87,140.295
"BLAN1",2,51,70,0.00152,50.452,6.619,"Eifel",5000,5.265,10.955,105.935,19719.405,6.7,725.805,4746.925,1.22,140.245,179.615,21.195,0.005,6.87,140.295
"BLAN1",1,57,95,0.001535,50.452,6.619,"Eifel",5000,5.265,10.955,105.935,19719.405,6.7,725.805,4746.925,1.22,140.245,179.615,21.195,0.005,6.87,140.295
"BLAN1",1,49,65,0.00201,50.452,6.619,"Eifel",5000,5.265,10.955,105.935,19719.405,6.7,725.805,4746.925,1.22,140.245,179.615,21.195,0.005,6.87,140.295
"BLAN1",1,54,95,0.001215,50.452,6.619,"Eifel",5000,5.265,10.955,105.935,19719.405,6.7,725.805,4746.925,1.22,140.245,179.615,21.195,0.005,6.87,140.295
"BLAN1",1,50,100,0.001845,50.452,6.619,"Eifel",5000,5.265,10.955,105.935,19719.405,6.7,725.805,4746.925,1.22,140.245,179.615,21.195,0.005,6.87,140.295
"BLAN1",1,42,100,0.00113,50.452,6.619,"Eifel",5000,5.265,10.955,105.935,19719.405,6.7,725.805,4746.925,1.22,140.245,179.615,21.195,0.005,6.87,140.295
"BLAN1",2,65,95,0.00178,50.452,6.619,"Eifel",5000,5.265,10.955,105.935,19719.405,6.7,725.805,4746.925,1.22,140.245,179.615,21.195,0.005,6.87,140.295
"BLAN1",1,45,95,0.00118,50.452,6.619,"Eifel",5000,5.265,10.955,105.935,19719.405,6.7,725.805,4746.925,1.22,140.245,179.615,21.195,0.005,6.87,140.295
"BLAN1",1,43,100,0.00139,50.452,6.619,"Eifel",5000,5.265,10.955,105.935,19719.405,6.7,725.805,4746.925,1.22,140.245,179.615,21.195,0.005,6.87,140.295
"BLAN1",1,45,94.73684211,0.00131,50.452,6.619,"Eifel",5000,5.265,10.955,105.935,19719.405,6.7,725.805,4746.925,1.22,140.245,179.615,21.195,0.005,6.87,140.295
"BLAN1",2,47,95,0.00147,50.452,6.619,"Eifel",5000,5.265,10.955,105.935,19719.405,6.7,725.805,4746.925,1.22,140.245,179.615,21.195,0.005,6.87,140.295
"BLAN1",1,49,85,0.001625,50.452,6.619,"Eifel",5000,5.265,10.955,105.935,19719.405,6.7,725.805,4746.925,1.22,140.245,179.615,21.195,0.005,6.87,140.295
"BLAN2",1,67,90,0.00153,50.425,6.669,"Eifel",194,5.78,10.54,43.89,33299.94,1.04,778.26,4527.875,1.425,70.75,223.22,3.57,0.68,155.87,75.255
"BLAN2",2,70,85,0.001205,50.425,6.669,"Eifel",194,5.78,10.54,43.89,33299.94,1.04,778.26,4527.875,1.425,70.75,223.22,3.57,0.68,155.87,75.255
"BLAN2",1,61,90.47619048,0.001645,50.425,6.669,"Eifel",194,5.78,10.54,43.89,33299.94,1.04,778.26,4527.875,1.425,70.75,223.22,3.57,0.68,155.87,75.255
"BLAN2",1,64,84.21052632,0.001775,50.425,6.669,"Eifel",194,5.78,10.54,43.89,33299.94,1.04,778.26,4527.875,1.425,70.75,223.22,3.57,0.68,155.87,75.255
"BLAN2",1,71,40,0.000915,50.425,6.669,"Eifel",194,5.78,10.54,43.89,33299.94,1.04,778.26,4527.875,1.425,70.75,223.22,3.57,0.68,155.87,75.255
"BLAN2",1,60,100,0.001985,50.425,6.669,"Eifel",194,5.78,10.54,43.89,33299.94,1.04,778.26,4527.875,1.425,70.75,223.22,3.57,0.68,155.87,75.255
"BLAN2",2,63,85,0.001355,50.425,6.669,"Eifel",194,5.78,10.54,43.89,33299.94,1.04,778.26,4527.875,1.425,70.75,223.22,3.57,0.68,155.87,75.255
"BLAN2",1,68,80,0.00112,50.425,6.669,"Eifel",194,5.78,10.54,43.89,33299.94,1.04,778.26,4527.875,1.425,70.75,223.22,3.57,0.68,155.87,75.255
"BLAN2",1,63,95,0.001385,50.425,6.669,"Eifel",194,5.78,10.54,43.89,33299.94,1.04,778.26,4527.875,1.425,70.75,223.22,3.57,0.68,155.87,75.255
"BLAN2",1,63,100,0.001755,50.425,6.669,"Eifel",194,5.78,10.54,43.89,33299.94,1.04,778.26,4527.875,1.425,70.75,223.22,3.57,0.68,155.87,75.255
"BLAN2",1,69,100,0.001725,50.425,6.669,"Eifel",194,5.78,10.54,43.89,33299.94,1.04,778.26,4527.875,1.425,70.75,223.22,3.57,0.68,155.87,75.255
"BLAN2",1,73,100,0.0016,50.425,6.669,"Eifel",194,5.78,10.54,43.89,33299.94,1.04,778.26,4527.875,1.425,70.75,223.22,3.57,0.68,155.87,75.255
"BLAN2",1,73,90,0.00161,50.425,6.669,"Eifel",194,5.78,10.54,43.89,33299.94,1.04,778.26,4527.875,1.425,70.75,223.22,3.57,0.68,155.87,75.255
"BLAN2",1,71,95,0.00159,50.425,6.669,"Eifel",194,5.78,10.54,43.89,33299.94,1.04,778.26,4527.875,1.425,70.75,223.22,3.57,0.68,155.87,75.255
"BLAN2",1,69,90,0.001645,50.425,6.669,"Eifel",194,5.78,10.54,43.89,33299.94,1.04,778.26,4527.875,1.425,70.75,223.22,3.57,0.68,155.87,75.255
"BLAN2",2,61,80,0.001515,50.425,6.669,"Eifel",194,5.78,10.54,43.89,33299.94,1.04,778.26,4527.875,1.425,70.75,223.22,3.57,0.68,155.87,75.255
"BLAN2",1,59,95,0.00175,50.425,6.669,"Eifel",194,5.78,10.54,43.89,33299.94,1.04,778.26,4527.875,1.425,70.75,223.22,3.57,0.68,155.87,75.255
"BLAN2",1,78,90,0.001825,50.425,6.669,"Eifel",194,5.78,10.54,43.89,33299.94,1.04,778.26,4527.875,1.425,70.75,223.22,3.57,0.68,155.87,75.255
"BLAN2",1,71,90,0.00214,50.425,6.669,"Eifel",194,5.78,10.54,43.89,33299.94,1.04,778.26,4527.875,1.425,70.75,223.22,3.57,0.68,155.87,75.255
"BLAN2",1,69,80,0.002255,50.425,6.669,"Eifel",194,5.78,10.54,43.89,33299.94,1.04,778.26,4527.875,1.425,70.75,223.22,3.57,0.68,155.87,75.255
"BUZEN",1,38,100,0.00078,49.629,5.592,"South_Bel",2000,7.195,10.7,17.795,36240.29,0.09,488.245,612.955,0.77,255.95,302.83,0.295,3.87,666.965,179.645
"BUZEN",1,48,75,0.00092,49.629,5.592,"South_Bel",2000,7.195,10.7,17.795,36240.29,0.09,488.245,612.955,0.77,255.95,302.83,0.295,3.87,666.965,179.645
"BUZEN",1,38,80,0.00099,49.629,5.592,"South_Bel",2000,7.195,10.7,17.795,36240.29,0.09,488.245,612.955,0.77,255.95,302.83,0.295,3.87,666.965,179.645
"BUZEN",1,58,100,0.00118,49.629,5.592,"South_Bel",2000,7.195,10.7,17.795,36240.29,0.09,488.245,612.955,0.77,255.95,302.83,0.295,3.87,666.965,179.645
"BUZEN",1,36,100,0.00042,49.629,5.592,"South_Bel",2000,7.195,10.7,17.795,36240.29,0.09,488.245,612.955,0.77,255.95,302.83,0.295,3.87,666.965,179.645
"BUZEN",1,30,100,0.001285,49.629,5.592,"South_Bel",2000,7.195,10.7,17.795,36240.29,0.09,488.245,612.955,0.77,255.95,302.83,0.295,3.87,666.965,179.645
"BUZEN",1,32,75,0.001285,49.629,5.592,"South_Bel",2000,7.195,10.7,17.795,36240.29,0.09,488.245,612.955,0.77,255.95,302.83,0.295,3.87,666.965,179.645
"BUZEN",1,47,100,0.001655,49.629,5.592,"South_Bel",2000,7.195,10.7,17.795,36240.29,0.09,488.245,612.955,0.77,255.95,302.83,0.295,3.87,666.965,179.645
"BUZEN",1,41,100,0.000955,49.629,5.592,"South_Bel",2000,7.195,10.7,17.795,36240.29,0.09,488.245,612.955,0.77,255.95,302.83,0.295,3.87,666.965,179.645
"BUZEN",1,41,100,0.001555,49.629,5.592,"South_Bel",2000,7.195,10.7,17.795,36240.29,0.09,488.245,612.955,0.77,255.95,302.83,0.295,3.87,666.965,179.645
"BUZEN",1,45,90,0.000605,49.629,5.592,"South_Bel",2000,7.195,10.7,17.795,36240.29,0.09,488.245,612.955,0.77,255.95,302.83,0.295,3.87,666.965,179.645
"BUZEN",1,48,100,0.000545,49.629,5.592,"South_Bel",2000,7.195,10.7,17.795,36240.29,0.09,488.245,612.955,0.77,255.95,302.83,0.295,3.87,666.965,179.645
"BUZEN",1,52,15,7e-04,49.629,5.592,"South_Bel",2000,7.195,10.7,17.795,36240.29,0.09,488.245,612.955,0.77,255.95,302.83,0.295,3.87,666.965,179.645
"BUZEN",1,53,90,0.001045,49.629,5.592,"South_Bel",2000,7.195,10.7,17.795,36240.29,0.09,488.245,612.955,0.77,255.95,302.83,0.295,3.87,666.965,179.645
"BUZEN",1,48,100,0.00119,49.629,5.592,"South_Bel",2000,7.195,10.7,17.795,36240.29,0.09,488.245,612.955,0.77,255.95,302.83,0.295,3.87,666.965,179.645
"BUZEN",1,39,90,0.001105,49.629,5.592,"South_Bel",2000,7.195,10.7,17.795,36240.29,0.09,488.245,612.955,0.77,255.95,302.83,0.295,3.87,666.965,179.645
"EEEEE",1,45,52.63157895,0.001705,50.378,6.661,"Eifel",1655,6.385,16.575,24.555,38619.61,0,36.795,7014.38,0.025,442.85,99.795,0.84,0,190.415,18.18
"EEEEE",2,60,52.63157895,0.001705,50.378,6.661,"Eifel",1655,6.385,16.575,24.555,38619.61,0,36.795,7014.38,0.025,442.85,99.795,0.84,0,190.415,18.18
"EEEEE",1,40,75,0.00138,50.378,6.661,"Eifel",1655,6.385,16.575,24.555,38619.61,0,36.795,7014.38,0.025,442.85,99.795,0.84,0,190.415,18.18
"EEEEE",1,43,45,0.00107,50.378,6.661,"Eifel",1655,6.385,16.575,24.555,38619.61,0,36.795,7014.38,0.025,442.85,99.795,0.84,0,190.415,18.18
"EEEEE",1,51,95,0.00185,50.378,6.661,"Eifel",1655,6.385,16.575,24.555,38619.61,0,36.795,7014.38,0.025,442.85,99.795,0.84,0,190.415,18.18
"EEEEE",1,35,57.14285714,0.001515,50.378,6.661,"Eifel",1655,6.385,16.575,24.555,38619.61,0,36.795,7014.38,0.025,442.85,99.795,0.84,0,190.415,18.18
"EEEEE",2,49,57.14285714,0.001515,50.378,6.661,"Eifel",1655,6.385,16.575,24.555,38619.61,0,36.795,7014.38,0.025,442.85,99.795,0.84,0,190.415,18.18
"EEEEE",1,50,50,0.0016,50.378,6.661,"Eifel",1655,6.385,16.575,24.555,38619.61,0,36.795,7014.38,0.025,442.85,99.795,0.84,0,190.415,18.18
"EEEEE",2,57,50,0.001665,50.378,6.661,"Eifel",1655,6.385,16.575,24.555,38619.61,0,36.795,7014.38,0.025,442.85,99.795,0.84,0,190.415,18.18
"EEEEE",1,68,50,0.001665,50.378,6.661,"Eifel",1655,6.385,16.575,24.555,38619.61,0,36.795,7014.38,0.025,442.85,99.795,0.84,0,190.415,18.18
"EEEEE",1,78,60,0.00154,50.378,6.661,"Eifel",1655,6.385,16.575,24.555,38619.61,0,36.795,7014.38,0.025,442.85,99.795,0.84,0,190.415,18.18
"EEEEE",1,62,68.42105263,0.001385,50.378,6.661,"Eifel",1655,6.385,16.575,24.555,38619.61,0,36.795,7014.38,0.025,442.85,99.795,0.84,0,190.415,18.18
"EEEEE",1,31,95,0.00156,50.378,6.661,"Eifel",1655,6.385,16.575,24.555,38619.61,0,36.795,7014.38,0.025,442.85,99.795,0.84,0,190.415,18.18
"EEEEE",1,43,30,0.00107,50.378,6.661,"Eifel",1655,6.385,16.575,24.555,38619.61,0,36.795,7014.38,0.025,442.85,99.795,0.84,0,190.415,18.18
"EEEEE",2,40,85,0.00164,50.378,6.661,"Eifel",1655,6.385,16.575,24.555,38619.61,0,36.795,7014.38,0.025,442.85,99.795,0.84,0,190.415,18.18
"EEEEE",2,45,85,0.00164,50.378,6.661,"Eifel",1655,6.385,16.575,24.555,38619.61,0,36.795,7014.38,0.025,442.85,99.795,0.84,0,190.415,18.18
"EEEEE",1,61,90,0.001415,50.378,6.661,"Eifel",1655,6.385,16.575,24.555,38619.61,0,36.795,7014.38,0.025,442.85,99.795,0.84,0,190.415,18.18
"EEEEE",5,25,90,0.001415,50.378,6.661,"Eifel",1655,6.385,16.575,24.555,38619.61,0,36.795,7014.38,0.025,442.85,99.795,0.84,0,190.415,18.18
"EEEEE",2,65,90,0.001415,50.378,6.661,"Eifel",1655,6.385,16.575,24.555,38619.61,0,36.795,7014.38,0.025,442.85,99.795,0.84,0,190.415,18.18
"EEEEE",2,34,90,0.001415,50.378,6.661,"Eifel",1655,6.385,16.575,24.555,38619.61,0,36.795,7014.38,0.025,442.85,99.795,0.84,0,190.415,18.18
"EEEEE",1,56,90,0.001415,50.378,6.661,"Eifel",1655,6.385,16.575,24.555,38619.61,0,36.795,7014.38,0.025,442.85,99.795,0.84,0,190.415,18.18
"EEEEE",3,33,85,0.00135,50.378,6.661,"Eifel",1655,6.385,16.575,24.555,38619.61,0,36.795,7014.38,0.025,442.85,99.795,0.84,0,190.415,18.18
"EEEEE",3,38,85,0.00135,50.378,6.661,"Eifel",1655,6.385,16.575,24.555,38619.61,0,36.795,7014.38,0.025,442.85,99.795,0.84,0,190.415,18.18
"EEEEE",2,31,85,0.00135,50.378,6.661,"Eifel",1655,6.385,16.575,24.555,38619.61,0,36.795,7014.38,0.025,442.85,99.795,0.84,0,190.415,18.18
"GRENZ",1,61,65,0.000825,50.579,7.54,"West_Ger",5000,5.235,15.225,15.935,24089.205,1.72,434.495,1282.435,0.23,88.75,97.61,11.125,0.055,208.38,65.63
"GRENZ",1,54,100,0.00116,50.579,7.54,"West_Ger",5000,5.235,15.225,15.935,24089.205,1.72,434.495,1282.435,0.23,88.75,97.61,11.125,0.055,208.38,65.63
"GRENZ",1,58,80,0.00118,50.579,7.54,"West_Ger",5000,5.235,15.225,15.935,24089.205,1.72,434.495,1282.435,0.23,88.75,97.61,11.125,0.055,208.38,65.63
"GRENZ",1,68,80,0.001385,50.579,7.54,"West_Ger",5000,5.235,15.225,15.935,24089.205,1.72,434.495,1282.435,0.23,88.75,97.61,11.125,0.055,208.38,65.63
"GRENZ",1,50,45,0.00106,50.579,7.54,"West_Ger",5000,5.235,15.225,15.935,24089.205,1.72,434.495,1282.435,0.23,88.75,97.61,11.125,0.055,208.38,65.63
"GRENZ",1,51,90,0.0011,50.579,7.54,"West_Ger",5000,5.235,15.225,15.935,24089.205,1.72,434.495,1282.435,0.23,88.75,97.61,11.125,0.055,208.38,65.63
"GRENZ",1,57,20,0.000465,50.579,7.54,"West_Ger",5000,5.235,15.225,15.935,24089.205,1.72,434.495,1282.435,0.23,88.75,97.61,11.125,0.055,208.38,65.63
"GRENZ",1,44,65,0.000875,50.579,7.54,"West_Ger",5000,5.235,15.225,15.935,24089.205,1.72,434.495,1282.435,0.23,88.75,97.61,11.125,0.055,208.38,65.63
"GRENZ",2,68,60,7e-04,50.579,7.54,"West_Ger",5000,5.235,15.225,15.935,24089.205,1.72,434.495,1282.435,0.23,88.75,97.61,11.125,0.055,208.38,65.63
"GRENZ",1,41,36.84210526,0.000985,50.579,7.54,"West_Ger",5000,5.235,15.225,15.935,24089.205,1.72,434.495,1282.435,0.23,88.75,97.61,11.125,0.055,208.38,65.63
"GRENZ",1,68,55,0.00114,50.579,7.54,"West_Ger",5000,5.235,15.225,15.935,24089.205,1.72,434.495,1282.435,0.23,88.75,97.61,11.125,0.055,208.38,65.63
"GRENZ",1,47,40,0.00045,50.579,7.54,"West_Ger",5000,5.235,15.225,15.935,24089.205,1.72,434.495,1282.435,0.23,88.75,97.61,11.125,0.055,208.38,65.63
"GRENZ",1,60,60,0.001055,50.579,7.54,"West_Ger",5000,5.235,15.225,15.935,24089.205,1.72,434.495,1282.435,0.23,88.75,97.61,11.125,0.055,208.38,65.63
"GRENZ",1,46,5,0.000675,50.579,7.54,"West_Ger",5000,5.235,15.225,15.935,24089.205,1.72,434.495,1282.435,0.23,88.75,97.61,11.125,0.055,208.38,65.63
"GRENZ",1,42,15,0.00104,50.579,7.54,"West_Ger",5000,5.235,15.225,15.935,24089.205,1.72,434.495,1282.435,0.23,88.75,97.61,11.125,0.055,208.38,65.63
"GRENZ",1,37,45,0.00103,50.579,7.54,"West_Ger",5000,5.235,15.225,15.935,24089.205,1.72,434.495,1282.435,0.23,88.75,97.61,11.125,0.055,208.38,65.63
"GRENZ",1,61,30,0.000615,50.579,7.54,"West_Ger",5000,5.235,15.225,15.935,24089.205,1.72,434.495,1282.435,0.23,88.75,97.61,11.125,0.055,208.38,65.63
"HASEN",1,58,90,0.00142,53.23,10.346,"North_Ger",40,4.33,5.865,498.745,11079.85,86.875,2393.565,993.705,0.57,90.895,308.695,13.53,1.47,103.49,269.32
"HASEN",1,50,100,0.00125,53.23,10.346,"North_Ger",40,4.33,5.865,498.745,11079.85,86.875,2393.565,993.705,0.57,90.895,308.695,13.53,1.47,103.49,269.32
"HASEN",1,38,100,0.00053,53.23,10.346,"North_Ger",40,4.33,5.865,498.745,11079.85,86.875,2393.565,993.705,0.57,90.895,308.695,13.53,1.47,103.49,269.32
"HASEN",1,38,100,0.00138,53.23,10.346,"North_Ger",40,4.33,5.865,498.745,11079.85,86.875,2393.565,993.705,0.57,90.895,308.695,13.53,1.47,103.49,269.32
"HASEN",1,42,88.88888889,0.00134,53.23,10.346,"North_Ger",40,4.33,5.865,498.745,11079.85,86.875,2393.565,993.705,0.57,90.895,308.695,13.53,1.47,103.49,269.32
"HOHES",1,64,80,0.00197,53.318,10.247,"North_Ger",1000,5.32,56.315,30.62,34765.74,4.435,615.165,1033.84,0.265,350.635,66.35,1.605,0.05,245.18,130.05
"HOHES",1,69,90,0.00161,53.318,10.247,"North_Ger",1000,5.32,56.315,30.62,34765.74,4.435,615.165,1033.84,0.265,350.635,66.35,1.605,0.05,245.18,130.05
"HOHES",2,61,85,0.001085,53.318,10.247,"North_Ger",1000,5.32,56.315,30.62,34765.74,4.435,615.165,1033.84,0.265,350.635,66.35,1.605,0.05,245.18,130.05
"HOHES",1,78,65,0.00093,53.318,10.247,"North_Ger",1000,5.32,56.315,30.62,34765.74,4.435,615.165,1033.84,0.265,350.635,66.35,1.605,0.05,245.18,130.05
"HOHES",1,61,94.73684211,0.001565,53.318,10.247,"North_Ger",1000,5.32,56.315,30.62,34765.74,4.435,615.165,1033.84,0.265,350.635,66.35,1.605,0.05,245.18,130.05
"HOHES",1,60,90,0.001745,53.318,10.247,"North_Ger",1000,5.32,56.315,30.62,34765.74,4.435,615.165,1033.84,0.265,350.635,66.35,1.605,0.05,245.18,130.05
"HOHES",1,64,100,0.001465,53.318,10.247,"North_Ger",1000,5.32,56.315,30.62,34765.74,4.435,615.165,1033.84,0.265,350.635,66.35,1.605,0.05,245.18,130.05
"HOHES",1,75,90,0.001365,53.318,10.247,"North_Ger",1000,5.32,56.315,30.62,34765.74,4.435,615.165,1033.84,0.265,350.635,66.35,1.605,0.05,245.18,130.05
"HOHES",2,70,80,0.001405,53.318,10.247,"North_Ger",1000,5.32,56.315,30.62,34765.74,4.435,615.165,1033.84,0.265,350.635,66.35,1.605,0.05,245.18,130.05
"HOHES",2,69,85,0.00139,53.318,10.247,"North_Ger",1000,5.32,56.315,30.62,34765.74,4.435,615.165,1033.84,0.265,350.635,66.35,1.605,0.05,245.18,130.05
"HOHES",1,71,95,0.001405,53.318,10.247,"North_Ger",1000,5.32,56.315,30.62,34765.74,4.435,615.165,1033.84,0.265,350.635,66.35,1.605,0.05,245.18,130.05
"HOHES",1,77,80,0.000485,53.318,10.247,"North_Ger",1000,5.32,56.315,30.62,34765.74,4.435,615.165,1033.84,0.265,350.635,66.35,1.605,0.05,245.18,130.05
"HOHES",1,65,30,0.00129,53.318,10.247,"North_Ger",1000,5.32,56.315,30.62,34765.74,4.435,615.165,1033.84,0.265,350.635,66.35,1.605,0.05,245.18,130.05
"HOHES",1,65,100,0.00144,53.318,10.247,"North_Ger",1000,5.32,56.315,30.62,34765.74,4.435,615.165,1033.84,0.265,350.635,66.35,1.605,0.05,245.18,130.05
"HOHES",1,72,95,0.001185,53.318,10.247,"North_Ger",1000,5.32,56.315,30.62,34765.74,4.435,615.165,1033.84,0.265,350.635,66.35,1.605,0.05,245.18,130.05
"HOHES",1,68,95,0.00117,53.318,10.247,"North_Ger",1000,5.32,56.315,30.62,34765.74,4.435,615.165,1033.84,0.265,350.635,66.35,1.605,0.05,245.18,130.05
"HOHES",2,72,95,0.00131,53.318,10.247,"North_Ger",1000,5.32,56.315,30.62,34765.74,4.435,615.165,1033.84,0.265,350.635,66.35,1.605,0.05,245.18,130.05
"HOHES",1,78,100,0.00137,53.318,10.247,"North_Ger",1000,5.32,56.315,30.62,34765.74,4.435,615.165,1033.84,0.265,350.635,66.35,1.605,0.05,245.18,130.05
"HOHES",1,89,60,0.00113,53.318,10.247,"North_Ger",1000,5.32,56.315,30.62,34765.74,4.435,615.165,1033.84,0.265,350.635,66.35,1.605,0.05,245.18,130.05
"HOHES",1,63,100,0.00103,53.318,10.247,"North_Ger",1000,5.32,56.315,30.62,34765.74,4.435,615.165,1033.84,0.265,350.635,66.35,1.605,0.05,245.18,130.05
"HOHN1",1,63,100,0.0021,50.709,6.013,"North_Bel",870,5.775,15.475,78.715,19015.63,211.28,984.775,4717.18,0.265,933.52,264.405,42.755,0,19.845,522.99
"HOHN1",2,60,100,0.00175,50.709,6.013,"North_Bel",870,5.775,15.475,78.715,19015.63,211.28,984.775,4717.18,0.265,933.52,264.405,42.755,0,19.845,522.99
"HOHN1",2,59,50,0.00165,50.709,6.013,"North_Bel",870,5.775,15.475,78.715,19015.63,211.28,984.775,4717.18,0.265,933.52,264.405,42.755,0,19.845,522.99
"HOHN1",1,49,100,0.001825,50.709,6.013,"North_Bel",870,5.775,15.475,78.715,19015.63,211.28,984.775,4717.18,0.265,933.52,264.405,42.755,0,19.845,522.99
"HOHN1",3,67,80,0.001845,50.709,6.013,"North_Bel",870,5.775,15.475,78.715,19015.63,211.28,984.775,4717.18,0.265,933.52,264.405,42.755,0,19.845,522.99
"HOHN1",2,61,95,0.00159,50.709,6.013,"North_Bel",870,5.775,15.475,78.715,19015.63,211.28,984.775,4717.18,0.265,933.52,264.405,42.755,0,19.845,522.99
"HOHN1",2,60,100,0.002185,50.709,6.013,"North_Bel",870,5.775,15.475,78.715,19015.63,211.28,984.775,4717.18,0.265,933.52,264.405,42.755,0,19.845,522.99
"HOHN1",3,59,90,0.001935,50.709,6.013,"North_Bel",870,5.775,15.475,78.715,19015.63,211.28,984.775,4717.18,0.265,933.52,264.405,42.755,0,19.845,522.99
"HOHN1",1,58,90,0.00181,50.709,6.013,"North_Bel",870,5.775,15.475,78.715,19015.63,211.28,984.775,4717.18,0.265,933.52,264.405,42.755,0,19.845,522.99
"HOHN1",1,67,95,0.00187,50.709,6.013,"North_Bel",870,5.775,15.475,78.715,19015.63,211.28,984.775,4717.18,0.265,933.52,264.405,42.755,0,19.845,522.99
"HOHN1",1,63,70,0.00125,50.709,6.013,"North_Bel",870,5.775,15.475,78.715,19015.63,211.28,984.775,4717.18,0.265,933.52,264.405,42.755,0,19.845,522.99
"HOHN1",2,57,80,0.002035,50.709,6.013,"North_Bel",870,5.775,15.475,78.715,19015.63,211.28,984.775,4717.18,0.265,933.52,264.405,42.755,0,19.845,522.99
"HOHN1",1,43,90,0.001335,50.709,6.013,"North_Bel",870,5.775,15.475,78.715,19015.63,211.28,984.775,4717.18,0.265,933.52,264.405,42.755,0,19.845,522.99
"HOHN1",1,58,84.21052632,0.00222,50.709,6.013,"North_Bel",870,5.775,15.475,78.715,19015.63,211.28,984.775,4717.18,0.265,933.52,264.405,42.755,0,19.845,522.99
"HOHN1",2,51,70,0.001455,50.709,6.013,"North_Bel",870,5.775,15.475,78.715,19015.63,211.28,984.775,4717.18,0.265,933.52,264.405,42.755,0,19.845,522.99
"HOHN1",2,43,95,0.00155,50.709,6.013,"North_Bel",870,5.775,15.475,78.715,19015.63,211.28,984.775,4717.18,0.265,933.52,264.405,42.755,0,19.845,522.99
"HOHN1",2,64,100,0.00176,50.709,6.013,"North_Bel",870,5.775,15.475,78.715,19015.63,211.28,984.775,4717.18,0.265,933.52,264.405,42.755,0,19.845,522.99
"HOHN1",1,61,100,0.00192,50.709,6.013,"North_Bel",870,5.775,15.475,78.715,19015.63,211.28,984.775,4717.18,0.265,933.52,264.405,42.755,0,19.845,522.99
"HOHN1",3,57,75,0.00207,50.709,6.013,"North_Bel",870,5.775,15.475,78.715,19015.63,211.28,984.775,4717.18,0.265,933.52,264.405,42.755,0,19.845,522.99
"HOHN2",1,59,90,0.00176,50.704,6.005,"North_Bel",5000,5.99,11.005,73.155,25582.215,2.47,1130.005,8595.07,2.025,316.96,294.72,1368.875,0.19,964.845,142.485
"HOHN2",1,67,100,0.00159,50.704,6.005,"North_Bel",5000,5.99,11.005,73.155,25582.215,2.47,1130.005,8595.07,2.025,316.96,294.72,1368.875,0.19,964.845,142.485
"HOHN2",2,58,55,0.001455,50.704,6.005,"North_Bel",5000,5.99,11.005,73.155,25582.215,2.47,1130.005,8595.07,2.025,316.96,294.72,1368.875,0.19,964.845,142.485
"HOHN2",2,63,100,0.001495,50.704,6.005,"North_Bel",5000,5.99,11.005,73.155,25582.215,2.47,1130.005,8595.07,2.025,316.96,294.72,1368.875,0.19,964.845,142.485
"HOHN2",1,49,75,0.002325,50.704,6.005,"North_Bel",5000,5.99,11.005,73.155,25582.215,2.47,1130.005,8595.07,2.025,316.96,294.72,1368.875,0.19,964.845,142.485
"HOHN2",2,64,84.21052632,0.001855,50.704,6.005,"North_Bel",5000,5.99,11.005,73.155,25582.215,2.47,1130.005,8595.07,2.025,316.96,294.72,1368.875,0.19,964.845,142.485
"HOHN2",3,57,85,0.002015,50.704,6.005,"North_Bel",5000,5.99,11.005,73.155,25582.215,2.47,1130.005,8595.07,2.025,316.96,294.72,1368.875,0.19,964.845,142.485
"HOHN2",2,54,80,0.001845,50.704,6.005,"North_Bel",5000,5.99,11.005,73.155,25582.215,2.47,1130.005,8595.07,2.025,316.96,294.72,1368.875,0.19,964.845,142.485
"HOHN2",2,67,100,0.001555,50.704,6.005,"North_Bel",5000,5.99,11.005,73.155,25582.215,2.47,1130.005,8595.07,2.025,316.96,294.72,1368.875,0.19,964.845,142.485
"HOHN2",1,48,95,0.001775,50.704,6.005,"North_Bel",5000,5.99,11.005,73.155,25582.215,2.47,1130.005,8595.07,2.025,316.96,294.72,1368.875,0.19,964.845,142.485
"HOHN2",1,43,85,0.001695,50.704,6.005,"North_Bel",5000,5.99,11.005,73.155,25582.215,2.47,1130.005,8595.07,2.025,316.96,294.72,1368.875,0.19,964.845,142.485
"HOHN2",1,48,100,0.001675,50.704,6.005,"North_Bel",5000,5.99,11.005,73.155,25582.215,2.47,1130.005,8595.07,2.025,316.96,294.72,1368.875,0.19,964.845,142.485
"HOHN2",1,51,100,0.00178,50.704,6.005,"North_Bel",5000,5.99,11.005,73.155,25582.215,2.47,1130.005,8595.07,2.025,316.96,294.72,1368.875,0.19,964.845,142.485
"HOHN2",2,53,95,0.00213,50.704,6.005,"North_Bel",5000,5.99,11.005,73.155,25582.215,2.47,1130.005,8595.07,2.025,316.96,294.72,1368.875,0.19,964.845,142.485
"HOHN2",1,69,100,0.001825,50.704,6.005,"North_Bel",5000,5.99,11.005,73.155,25582.215,2.47,1130.005,8595.07,2.025,316.96,294.72,1368.875,0.19,964.845,142.485
"HOHN2",2,66,100,0.001775,50.704,6.005,"North_Bel",5000,5.99,11.005,73.155,25582.215,2.47,1130.005,8595.07,2.025,316.96,294.72,1368.875,0.19,964.845,142.485
"HOHN2",2,64,100,0.001955,50.704,6.005,"North_Bel",5000,5.99,11.005,73.155,25582.215,2.47,1130.005,8595.07,2.025,316.96,294.72,1368.875,0.19,964.845,142.485
"HOHN2",3,59,100,0.001475,50.704,6.005,"North_Bel",5000,5.99,11.005,73.155,25582.215,2.47,1130.005,8595.07,2.025,316.96,294.72,1368.875,0.19,964.845,142.485
"HOHN2",2,53,95,0.001455,50.704,6.005,"North_Bel",5000,5.99,11.005,73.155,25582.215,2.47,1130.005,8595.07,2.025,316.96,294.72,1368.875,0.19,964.845,142.485
"HOHN2",2,71,100,0.001775,50.704,6.005,"North_Bel",5000,5.99,11.005,73.155,25582.215,2.47,1130.005,8595.07,2.025,316.96,294.72,1368.875,0.19,964.845,142.485
"HONGE",1,67,85,0.00126,50.399,6.666,"Eifel",784,7.17,7.46,38.55,26098.685,1.11,2061.835,5690.235,2,39.15,290.43,0.345,0.18,182.34,98.61
"HONGE",1,49,65,0.00157,50.399,6.666,"Eifel",784,7.17,7.46,38.55,26098.685,1.11,2061.835,5690.235,2,39.15,290.43,0.345,0.18,182.34,98.61
"HONGE",1,59,80,0.001215,50.399,6.666,"Eifel",784,7.17,7.46,38.55,26098.685,1.11,2061.835,5690.235,2,39.15,290.43,0.345,0.18,182.34,98.61
"HONGE",1,65,55,0.00133,50.399,6.666,"Eifel",784,7.17,7.46,38.55,26098.685,1.11,2061.835,5690.235,2,39.15,290.43,0.345,0.18,182.34,98.61
"HONGE",1,58,30,0.001085,50.399,6.666,"Eifel",784,7.17,7.46,38.55,26098.685,1.11,2061.835,5690.235,2,39.15,290.43,0.345,0.18,182.34,98.61
"HONGE",1,51,80,0.00068,50.399,6.666,"Eifel",784,7.17,7.46,38.55,26098.685,1.11,2061.835,5690.235,2,39.15,290.43,0.345,0.18,182.34,98.61
"HONGE",1,37,45,0.00119,50.399,6.666,"Eifel",784,7.17,7.46,38.55,26098.685,1.11,2061.835,5690.235,2,39.15,290.43,0.345,0.18,182.34,98.61
"HONGE",1,49,30,0.0013,50.399,6.666,"Eifel",784,7.17,7.46,38.55,26098.685,1.11,2061.835,5690.235,2,39.15,290.43,0.345,0.18,182.34,98.61
"HONGE",1,61,50,0.001605,50.399,6.666,"Eifel",784,7.17,7.46,38.55,26098.685,1.11,2061.835,5690.235,2,39.15,290.43,0.345,0.18,182.34,98.61
"HONGE",1,35,75,0.00124,50.399,6.666,"Eifel",784,7.17,7.46,38.55,26098.685,1.11,2061.835,5690.235,2,39.15,290.43,0.345,0.18,182.34,98.61
"HONGE",1,42,90,0.001805,50.399,6.666,"Eifel",784,7.17,7.46,38.55,26098.685,1.11,2061.835,5690.235,2,39.15,290.43,0.345,0.18,182.34,98.61
"HONGE",1,57,90,0.001265,50.399,6.666,"Eifel",784,7.17,7.46,38.55,26098.685,1.11,2061.835,5690.235,2,39.15,290.43,0.345,0.18,182.34,98.61
"HONGE",1,39,75,0.00123,50.399,6.666,"Eifel",784,7.17,7.46,38.55,26098.685,1.11,2061.835,5690.235,2,39.15,290.43,0.345,0.18,182.34,98.61
"HONGE",1,53,90,0.000945,50.399,6.666,"Eifel",784,7.17,7.46,38.55,26098.685,1.11,2061.835,5690.235,2,39.15,290.43,0.345,0.18,182.34,98.61
"HONGE",1,65,95,0.00122,50.399,6.666,"Eifel",784,7.17,7.46,38.55,26098.685,1.11,2061.835,5690.235,2,39.15,290.43,0.345,0.18,182.34,98.61
"HONGE",1,33,100,0.000965,50.399,6.666,"Eifel",784,7.17,7.46,38.55,26098.685,1.11,2061.835,5690.235,2,39.15,290.43,0.345,0.18,182.34,98.61
"HONGE",1,61,78.94736842,0.001175,50.399,6.666,"Eifel",784,7.17,7.46,38.55,26098.685,1.11,2061.835,5690.235,2,39.15,290.43,0.345,0.18,182.34,98.61
"HONGE",1,39,80,0.001205,50.399,6.666,"Eifel",784,7.17,7.46,38.55,26098.685,1.11,2061.835,5690.235,2,39.15,290.43,0.345,0.18,182.34,98.61
"HONGE",1,55,30,0.00141,50.399,6.666,"Eifel",784,7.17,7.46,38.55,26098.685,1.11,2061.835,5690.235,2,39.15,290.43,0.345,0.18,182.34,98.61
"HONGE",1,53,80,0.001265,50.399,6.666,"Eifel",784,7.17,7.46,38.55,26098.685,1.11,2061.835,5690.235,2,39.15,290.43,0.345,0.18,182.34,98.61
"KARTH",3,38,5,0.000665,51.871,7.292,"West_Ger",5000,6.07,27.495,5.75,12887.13,0.965,287.64,390.435,0.085,234.85,125.135,1.775,0.13,684.48,12.91
"KARTH",1,60,15,0.001245,51.871,7.292,"West_Ger",5000,6.07,27.495,5.75,12887.13,0.965,287.64,390.435,0.085,234.85,125.135,1.775,0.13,684.48,12.91
"KARTH",1,61,42.85714286,0.00137,51.871,7.292,"West_Ger",5000,6.07,27.495,5.75,12887.13,0.965,287.64,390.435,0.085,234.85,125.135,1.775,0.13,684.48,12.91
"KARTH",1,53,45,0.00131,51.871,7.292,"West_Ger",5000,6.07,27.495,5.75,12887.13,0.965,287.64,390.435,0.085,234.85,125.135,1.775,0.13,684.48,12.91
"KARTH",1,54,100,0.001095,51.871,7.292,"West_Ger",5000,6.07,27.495,5.75,12887.13,0.965,287.64,390.435,0.085,234.85,125.135,1.775,0.13,684.48,12.91
"KARTH",1,56,20,0.00085,51.871,7.292,"West_Ger",5000,6.07,27.495,5.75,12887.13,0.965,287.64,390.435,0.085,234.85,125.135,1.775,0.13,684.48,12.91
"KARTH",1,43,50,0.00078,51.871,7.292,"West_Ger",5000,6.07,27.495,5.75,12887.13,0.965,287.64,390.435,0.085,234.85,125.135,1.775,0.13,684.48,12.91
"KARTH",1,53,70,0.001035,51.871,7.292,"West_Ger",5000,6.07,27.495,5.75,12887.13,0.965,287.64,390.435,0.085,234.85,125.135,1.775,0.13,684.48,12.91
"KARTH",1,69,25,0.001235,51.871,7.292,"West_Ger",5000,6.07,27.495,5.75,12887.13,0.965,287.64,390.435,0.085,234.85,125.135,1.775,0.13,684.48,12.91
"KARTH",1,60,30,0.001255,51.871,7.292,"West_Ger",5000,6.07,27.495,5.75,12887.13,0.965,287.64,390.435,0.085,234.85,125.135,1.775,0.13,684.48,12.91
"KARTH",1,61,30,0.001235,51.871,7.292,"West_Ger",5000,6.07,27.495,5.75,12887.13,0.965,287.64,390.435,0.085,234.85,125.135,1.775,0.13,684.48,12.91
"KARTH",1,31,10,0.00041,51.871,7.292,"West_Ger",5000,6.07,27.495,5.75,12887.13,0.965,287.64,390.435,0.085,234.85,125.135,1.775,0.13,684.48,12.91
"KARTH",1,53,95,0.000885,51.871,7.292,"West_Ger",5000,6.07,27.495,5.75,12887.13,0.965,287.64,390.435,0.085,234.85,125.135,1.775,0.13,684.48,12.91
"KARTH",1,43,5,0.00106,51.871,7.292,"West_Ger",5000,6.07,27.495,5.75,12887.13,0.965,287.64,390.435,0.085,234.85,125.135,1.775,0.13,684.48,12.91
"KARTH",1,39,100,0.00105,51.871,7.292,"West_Ger",5000,6.07,27.495,5.75,12887.13,0.965,287.64,390.435,0.085,234.85,125.135,1.775,0.13,684.48,12.91
"KARTH",1,60,100,0.001085,51.871,7.292,"West_Ger",5000,6.07,27.495,5.75,12887.13,0.965,287.64,390.435,0.085,234.85,125.135,1.775,0.13,684.48,12.91
"KARTH",1,55,90,0.000575,51.871,7.292,"West_Ger",5000,6.07,27.495,5.75,12887.13,0.965,287.64,390.435,0.085,234.85,125.135,1.775,0.13,684.48,12.91
"KARTH",1,56,100,0.00149,51.871,7.292,"West_Ger",5000,6.07,27.495,5.75,12887.13,0.965,287.64,390.435,0.085,234.85,125.135,1.775,0.13,684.48,12.91
"KARTH",1,47,60,0.001375,51.871,7.292,"West_Ger",5000,6.07,27.495,5.75,12887.13,0.965,287.64,390.435,0.085,234.85,125.135,1.775,0.13,684.48,12.91
"KOHKA",1,45,80,0.0011,52.35,8.047,"West_Ger",2000,6.2,7.575,18.205,27486.5,1.64,1060.185,1706.485,0.27,614.22,233.69,1.76,0.245,277.13,105.67
"KOHKA",1,42,100,0.00154,52.35,8.047,"West_Ger",2000,6.2,7.575,18.205,27486.5,1.64,1060.185,1706.485,0.27,614.22,233.69,1.76,0.245,277.13,105.67
"KOHKA",1,42,100,0.001595,52.35,8.047,"West_Ger",2000,6.2,7.575,18.205,27486.5,1.64,1060.185,1706.485,0.27,614.22,233.69,1.76,0.245,277.13,105.67
"KOHKA",1,45,95,0.001055,52.35,8.047,"West_Ger",2000,6.2,7.575,18.205,27486.5,1.64,1060.185,1706.485,0.27,614.22,233.69,1.76,0.245,277.13,105.67
"KOHKA",1,55,95,0.00173,52.35,8.047,"West_Ger",2000,6.2,7.575,18.205,27486.5,1.64,1060.185,1706.485,0.27,614.22,233.69,1.76,0.245,277.13,105.67
"KOHKA",1,57,95,0.00137,52.35,8.047,"West_Ger",2000,6.2,7.575,18.205,27486.5,1.64,1060.185,1706.485,0.27,614.22,233.69,1.76,0.245,277.13,105.67
"KOHKA",1,34,100,0.001035,52.35,8.047,"West_Ger",2000,6.2,7.575,18.205,27486.5,1.64,1060.185,1706.485,0.27,614.22,233.69,1.76,0.245,277.13,105.67
"KOHKA",1,35,95,0.00151,52.35,8.047,"West_Ger",2000,6.2,7.575,18.205,27486.5,1.64,1060.185,1706.485,0.27,614.22,233.69,1.76,0.245,277.13,105.67
"KOHKA",1,39,75,0.001195,52.35,8.047,"West_Ger",2000,6.2,7.575,18.205,27486.5,1.64,1060.185,1706.485,0.27,614.22,233.69,1.76,0.245,277.13,105.67
"KOHKA",1,53,90,0.001715,52.35,8.047,"West_Ger",2000,6.2,7.575,18.205,27486.5,1.64,1060.185,1706.485,0.27,614.22,233.69,1.76,0.245,277.13,105.67
"KOHKA",1,37,100,0.001,52.35,8.047,"West_Ger",2000,6.2,7.575,18.205,27486.5,1.64,1060.185,1706.485,0.27,614.22,233.69,1.76,0.245,277.13,105.67
"KOHKA",1,54,95,0.00092,52.35,8.047,"West_Ger",2000,6.2,7.575,18.205,27486.5,1.64,1060.185,1706.485,0.27,614.22,233.69,1.76,0.245,277.13,105.67
"KOHKA",1,60,89.47368421,0.001335,52.35,8.047,"West_Ger",2000,6.2,7.575,18.205,27486.5,1.64,1060.185,1706.485,0.27,614.22,233.69,1.76,0.245,277.13,105.67
"KOHKA",1,59,95,0.001065,52.35,8.047,"West_Ger",2000,6.2,7.575,18.205,27486.5,1.64,1060.185,1706.485,0.27,614.22,233.69,1.76,0.245,277.13,105.67
"KOHKA",1,53,90,0.000945,52.35,8.047,"West_Ger",2000,6.2,7.575,18.205,27486.5,1.64,1060.185,1706.485,0.27,614.22,233.69,1.76,0.245,277.13,105.67
"KOHKA",1,45,75,0.00137,52.35,8.047,"West_Ger",2000,6.2,7.575,18.205,27486.5,1.64,1060.185,1706.485,0.27,614.22,233.69,1.76,0.245,277.13,105.67
"KOHKA",1,48,100,0.001075,52.35,8.047,"West_Ger",2000,6.2,7.575,18.205,27486.5,1.64,1060.185,1706.485,0.27,614.22,233.69,1.76,0.245,277.13,105.67
"KOHKA",1,57,95,0.00136,52.35,8.047,"West_Ger",2000,6.2,7.575,18.205,27486.5,1.64,1060.185,1706.485,0.27,614.22,233.69,1.76,0.245,277.13,105.67
"KOHKA",1,40,45,0.00157,52.35,8.047,"West_Ger",2000,6.2,7.575,18.205,27486.5,1.64,1060.185,1706.485,0.27,614.22,233.69,1.76,0.245,277.13,105.67
"KOHKA",1,43,20,0.000515,52.35,8.047,"West_Ger",2000,6.2,7.575,18.205,27486.5,1.64,1060.185,1706.485,0.27,614.22,233.69,1.76,0.245,277.13,105.67
"MAUJA",1,60,100,0.001785,53.093,11.04,"North_Ger",5000,5.76,62.385,24.73,28980.29,3.625,850.84,2503.45,0,776.985,218.75,0.73,0.31,63.735,129.15
"MAUJA",1,42,75,0.001285,53.093,11.04,"North_Ger",5000,5.76,62.385,24.73,28980.29,3.625,850.84,2503.45,0,776.985,218.75,0.73,0.31,63.735,129.15
"MAUJA",1,37,55,0.001405,53.093,11.04,"North_Ger",5000,5.76,62.385,24.73,28980.29,3.625,850.84,2503.45,0,776.985,218.75,0.73,0.31,63.735,129.15
"MAUJA",1,62,60,0.001375,53.093,11.04,"North_Ger",5000,5.76,62.385,24.73,28980.29,3.625,850.84,2503.45,0,776.985,218.75,0.73,0.31,63.735,129.15
"MAUJA",1,60,95,0.00149,53.093,11.04,"North_Ger",5000,5.76,62.385,24.73,28980.29,3.625,850.84,2503.45,0,776.985,218.75,0.73,0.31,63.735,129.15
"MAUJA",1,62,100,0.00156,53.093,11.04,"North_Ger",5000,5.76,62.385,24.73,28980.29,3.625,850.84,2503.45,0,776.985,218.75,0.73,0.31,63.735,129.15
"MAUJA",1,60,90,0.00124,53.093,11.04,"North_Ger",5000,5.76,62.385,24.73,28980.29,3.625,850.84,2503.45,0,776.985,218.75,0.73,0.31,63.735,129.15
"MAUJA",1,61,95,0.00182,53.093,11.04,"North_Ger",5000,5.76,62.385,24.73,28980.29,3.625,850.84,2503.45,0,776.985,218.75,0.73,0.31,63.735,129.15
"MAUJA",1,60,90,0.00184,53.093,11.04,"North_Ger",5000,5.76,62.385,24.73,28980.29,3.625,850.84,2503.45,0,776.985,218.75,0.73,0.31,63.735,129.15
"MAUJA",1,60,85,0.00121,53.093,11.04,"North_Ger",5000,5.76,62.385,24.73,28980.29,3.625,850.84,2503.45,0,776.985,218.75,0.73,0.31,63.735,129.15
"MAUJA",2,60,100,0.001335,53.093,11.04,"North_Ger",5000,5.76,62.385,24.73,28980.29,3.625,850.84,2503.45,0,776.985,218.75,0.73,0.31,63.735,129.15
"MAUJA",1,57,85,0.00142,53.093,11.04,"North_Ger",5000,5.76,62.385,24.73,28980.29,3.625,850.84,2503.45,0,776.985,218.75,0.73,0.31,63.735,129.15
"MAUJA",1,48,85,0.00162,53.093,11.04,"North_Ger",5000,5.76,62.385,24.73,28980.29,3.625,850.84,2503.45,0,776.985,218.75,0.73,0.31,63.735,129.15
"MAUJA",1,52,100,0.00125,53.093,11.04,"North_Ger",5000,5.76,62.385,24.73,28980.29,3.625,850.84,2503.45,0,776.985,218.75,0.73,0.31,63.735,129.15
"MAUJA",1,69,95,0.001385,53.093,11.04,"North_Ger",5000,5.76,62.385,24.73,28980.29,3.625,850.84,2503.45,0,776.985,218.75,0.73,0.31,63.735,129.15
"MAUJA",1,66,80,0.0014,53.093,11.04,"North_Ger",5000,5.76,62.385,24.73,28980.29,3.625,850.84,2503.45,0,776.985,218.75,0.73,0.31,63.735,129.15
"MAUJA",1,73,100,0.00115,53.093,11.04,"North_Ger",5000,5.76,62.385,24.73,28980.29,3.625,850.84,2503.45,0,776.985,218.75,0.73,0.31,63.735,129.15
"MAUJA",1,72,65,0.00133,53.093,11.04,"North_Ger",5000,5.76,62.385,24.73,28980.29,3.625,850.84,2503.45,0,776.985,218.75,0.73,0.31,63.735,129.15
"MAUJA",1,51,95,0.00142,53.093,11.04,"North_Ger",5000,5.76,62.385,24.73,28980.29,3.625,850.84,2503.45,0,776.985,218.75,0.73,0.31,63.735,129.15
"MAUJA",1,40,95,0.001455,53.093,11.04,"North_Ger",5000,5.76,62.385,24.73,28980.29,3.625,850.84,2503.45,0,776.985,218.75,0.73,0.31,63.735,129.15
"MIDDA",1,70,90,0.00162,52.025,6.077,"NL",1274,5.35,11.475,31.75,25540.915,3.565,267.21,3698.12,0.22,1189.13,399.625,7.605,0,117.12,133.635
"MIDDA",1,45,90,0.00121,52.025,6.077,"NL",1274,5.35,11.475,31.75,25540.915,3.565,267.21,3698.12,0.22,1189.13,399.625,7.605,0,117.12,133.635
"MIDDA",1,50,70,0.00115,52.025,6.077,"NL",1274,5.35,11.475,31.75,25540.915,3.565,267.21,3698.12,0.22,1189.13,399.625,7.605,0,117.12,133.635
"MIDDA",2,52,70,0.0012,52.025,6.077,"NL",1274,5.35,11.475,31.75,25540.915,3.565,267.21,3698.12,0.22,1189.13,399.625,7.605,0,117.12,133.635
"MIDDA",1,70,94.73684211,0.00142,52.025,6.077,"NL",1274,5.35,11.475,31.75,25540.915,3.565,267.21,3698.12,0.22,1189.13,399.625,7.605,0,117.12,133.635
"MIDDA",1,75,85,0.00142,52.025,6.077,"NL",1274,5.35,11.475,31.75,25540.915,3.565,267.21,3698.12,0.22,1189.13,399.625,7.605,0,117.12,133.635
"MIDDA",1,65,90,0.00135,52.025,6.077,"NL",1274,5.35,11.475,31.75,25540.915,3.565,267.21,3698.12,0.22,1189.13,399.625,7.605,0,117.12,133.635
"MIDDA",1,78,95,0.00162,52.025,6.077,"NL",1274,5.35,11.475,31.75,25540.915,3.565,267.21,3698.12,0.22,1189.13,399.625,7.605,0,117.12,133.635
"MIDDA",1,70,85,0.00159,52.025,6.077,"NL",1274,5.35,11.475,31.75,25540.915,3.565,267.21,3698.12,0.22,1189.13,399.625,7.605,0,117.12,133.635
"MIDDA",1,70,55,0.00128,52.025,6.077,"NL",1274,5.35,11.475,31.75,25540.915,3.565,267.21,3698.12,0.22,1189.13,399.625,7.605,0,117.12,133.635
"MIDDA",1,70,95,0.00155,52.025,6.077,"NL",1274,5.35,11.475,31.75,25540.915,3.565,267.21,3698.12,0.22,1189.13,399.625,7.605,0,117.12,133.635
"MIDDA",1,65,85,0.00107,52.025,6.077,"NL",1274,5.35,11.475,31.75,25540.915,3.565,267.21,3698.12,0.22,1189.13,399.625,7.605,0,117.12,133.635
"MIDDA",1,70,100,0.00142,52.025,6.077,"NL",1274,5.35,11.475,31.75,25540.915,3.565,267.21,3698.12,0.22,1189.13,399.625,7.605,0,117.12,133.635
"MIDDA",1,70,90,0.00132,52.025,6.077,"NL",1274,5.35,11.475,31.75,25540.915,3.565,267.21,3698.12,0.22,1189.13,399.625,7.605,0,117.12,133.635
"MIDDA",1,70,95,0.001465,52.025,6.077,"NL",1274,5.35,11.475,31.75,25540.915,3.565,267.21,3698.12,0.22,1189.13,399.625,7.605,0,117.12,133.635
"MIDDA",1,70,100,0.001265,52.025,6.077,"NL",1274,5.35,11.475,31.75,25540.915,3.565,267.21,3698.12,0.22,1189.13,399.625,7.605,0,117.12,133.635
"MIDDA",1,50,40,0.001135,52.025,6.077,"NL",1274,5.35,11.475,31.75,25540.915,3.565,267.21,3698.12,0.22,1189.13,399.625,7.605,0,117.12,133.635
"MIDDA",1,55,95,0.00119,52.025,6.077,"NL",1274,5.35,11.475,31.75,25540.915,3.565,267.21,3698.12,0.22,1189.13,399.625,7.605,0,117.12,133.635
"ULVEN",1,50,100,0.001475,51.555,4.806,"NL",133,4.585,5.925,102.17,9320.735,3.24,166.065,1199.945,0.24,124.855,98.31,42.995,0.27,800.39,500.145
"ULVEN",1,40,100,0.00134,51.555,4.806,"NL",133,4.585,5.925,102.17,9320.735,3.24,166.065,1199.945,0.24,124.855,98.31,42.995,0.27,800.39,500.145
"ULVEN",1,44,95,0.002175,51.555,4.806,"NL",133,4.585,5.925,102.17,9320.735,3.24,166.065,1199.945,0.24,124.855,98.31,42.995,0.27,800.39,500.145
"ULVEN",1,44,100,0.0018,51.555,4.806,"NL",133,4.585,5.925,102.17,9320.735,3.24,166.065,1199.945,0.24,124.855,98.31,42.995,0.27,800.39,500.145
"ULVEN",1,48,100,0.00149,51.555,4.806,"NL",133,4.585,5.925,102.17,9320.735,3.24,166.065,1199.945,0.24,124.855,98.31,42.995,0.27,800.39,500.145
"ULVEN",1,50,90,0.002025,51.555,4.806,"NL",133,4.585,5.925,102.17,9320.735,3.24,166.065,1199.945,0.24,124.855,98.31,42.995,0.27,800.39,500.145
"ULVEN",1,58,100,0.00195,51.555,4.806,"NL",133,4.585,5.925,102.17,9320.735,3.24,166.065,1199.945,0.24,124.855,98.31,42.995,0.27,800.39,500.145
"ULVEN",1,42,100,0.001365,51.555,4.806,"NL",133,4.585,5.925,102.17,9320.735,3.24,166.065,1199.945,0.24,124.855,98.31,42.995,0.27,800.39,500.145
"ULVEN",1,45,70,0.00155,51.555,4.806,"NL",133,4.585,5.925,102.17,9320.735,3.24,166.065,1199.945,0.24,124.855,98.31,42.995,0.27,800.39,500.145
"ULVEN",1,55,95,0.001585,51.555,4.806,"NL",133,4.585,5.925,102.17,9320.735,3.24,166.065,1199.945,0.24,124.855,98.31,42.995,0.27,800.39,500.145
"ULVEN",2,35,95,0.00131,51.555,4.806,"NL",133,4.585,5.925,102.17,9320.735,3.24,166.065,1199.945,0.24,124.855,98.31,42.995,0.27,800.39,500.145
"ULVEN",1,45,95,0.00131,51.555,4.806,"NL",133,4.585,5.925,102.17,9320.735,3.24,166.065,1199.945,0.24,124.855,98.31,42.995,0.27,800.39,500.145
"ULVEN",1,67,95,0.001415,51.555,4.806,"NL",133,4.585,5.925,102.17,9320.735,3.24,166.065,1199.945,0.24,124.855,98.31,42.995,0.27,800.39,500.145
"ULVEN",3,70,75,0.001475,51.555,4.806,"NL",133,4.585,5.925,102.17,9320.735,3.24,166.065,1199.945,0.24,124.855,98.31,42.995,0.27,800.39,500.145
"ULVEN",1,61,75,0.001475,51.555,4.806,"NL",133,4.585,5.925,102.17,9320.735,3.24,166.065,1199.945,0.24,124.855,98.31,42.995,0.27,800.39,500.145
"ULVEN",1,73,75,0.001475,51.555,4.806,"NL",133,4.585,5.925,102.17,9320.735,3.24,166.065,1199.945,0.24,124.855,98.31,42.995,0.27,800.39,500.145
"ULVEN",1,55,100,0.001585,51.555,4.806,"NL",133,4.585,5.925,102.17,9320.735,3.24,166.065,1199.945,0.24,124.855,98.31,42.995,0.27,800.39,500.145
"ULVEN",1,69,90,0.001495,51.555,4.806,"NL",133,4.585,5.925,102.17,9320.735,3.24,166.065,1199.945,0.24,124.855,98.31,42.995,0.27,800.39,500.145
"URFTT",1,33,65,0.000695,50.512,6.602,"Eifel",50,6.66,7.535,34.87,17044.695,0,164.53,11045.21,1.06,43.385,191.035,0.315,0,600.545,6.835
"URFTT",1,47,70,0.00114,50.512,6.602,"Eifel",50,6.66,7.535,34.87,17044.695,0,164.53,11045.21,1.06,43.385,191.035,0.315,0,600.545,6.835
"URFTT",1,52,90,0.00165,50.512,6.602,"Eifel",50,6.66,7.535,34.87,17044.695,0,164.53,11045.21,1.06,43.385,191.035,0.315,0,600.545,6.835
"URFTT",1,50,95,0.001185,50.512,6.602,"Eifel",50,6.66,7.535,34.87,17044.695,0,164.53,11045.21,1.06,43.385,191.035,0.315,0,600.545,6.835
"URFTT",1,47,90,0.000695,50.512,6.602,"Eifel",50,6.66,7.535,34.87,17044.695,0,164.53,11045.21,1.06,43.385,191.035,0.315,0,600.545,6.835
"URFTT",1,42,30,5e-04,50.512,6.602,"Eifel",50,6.66,7.535,34.87,17044.695,0,164.53,11045.21,1.06,43.385,191.035,0.315,0,600.545,6.835
"URFTT",1,68,20,0.000385,50.512,6.602,"Eifel",50,6.66,7.535,34.87,17044.695,0,164.53,11045.21,1.06,43.385,191.035,0.315,0,600.545,6.835
"VIRTO",1,48,90,0.000975,49.612,5.5,"South_Bel",2500,5.135,6.495,30.59,20468.22,3.79,488.28,472.02,0.55,493.68,94.48,6.15,0,388.02,222.26
"VIRTO",1,57,5,0.00152,49.612,5.5,"South_Bel",2500,5.135,6.495,30.59,20468.22,3.79,488.28,472.02,0.55,493.68,94.48,6.15,0,388.02,222.26
"VIRTO",1,63,90,0.001725,49.612,5.5,"South_Bel",2500,5.135,6.495,30.59,20468.22,3.79,488.28,472.02,0.55,493.68,94.48,6.15,0,388.02,222.26
"VIRTO",1,51,100,0.00121,49.612,5.5,"South_Bel",2500,5.135,6.495,30.59,20468.22,3.79,488.28,472.02,0.55,493.68,94.48,6.15,0,388.02,222.26
"VIRTO",1,47,100,0.001435,49.612,5.5,"South_Bel",2500,5.135,6.495,30.59,20468.22,3.79,488.28,472.02,0.55,493.68,94.48,6.15,0,388.02,222.26
"VIRTO",1,56,55,0.00133,49.612,5.5,"South_Bel",2500,5.135,6.495,30.59,20468.22,3.79,488.28,472.02,0.55,493.68,94.48,6.15,0,388.02,222.26
"VIRTO",1,53,90,0.0016,49.612,5.5,"South_Bel",2500,5.135,6.495,30.59,20468.22,3.79,488.28,472.02,0.55,493.68,94.48,6.15,0,388.02,222.26
"VIRTO",1,64,95,0.00162,49.612,5.5,"South_Bel",2500,5.135,6.495,30.59,20468.22,3.79,488.28,472.02,0.55,493.68,94.48,6.15,0,388.02,222.26
"VIRTO",1,58,90,0.00153,49.612,5.5,"South_Bel",2500,5.135,6.495,30.59,20468.22,3.79,488.28,472.02,0.55,493.68,94.48,6.15,0,388.02,222.26
"VIRTO",1,49,95,0.00118,49.612,5.5,"South_Bel",2500,5.135,6.495,30.59,20468.22,3.79,488.28,472.02,0.55,493.68,94.48,6.15,0,388.02,222.26
"WIJBO",1,65,60,0.000885,51.634,5.472,"NL",270,5.705,5.1825,19.815,28586.1125,5.68,189.1525,2848.4575,0,285.02,181.6925,4.425,0,213.215,31.1425
"WIJBO",1,57,95,0.00129,51.634,5.472,"NL",270,5.705,5.1825,19.815,28586.1125,5.68,189.1525,2848.4575,0,285.02,181.6925,4.425,0,213.215,31.1425
"WIJBO",1,66,95,0.001185,51.634,5.472,"NL",270,5.705,5.1825,19.815,28586.1125,5.68,189.1525,2848.4575,0,285.02,181.6925,4.425,0,213.215,31.1425
"WIJBO",1,60,68.42105263,0.00143,51.634,5.472,"NL",270,5.705,5.1825,19.815,28586.1125,5.68,189.1525,2848.4575,0,285.02,181.6925,4.425,0,213.215,31.1425
"WIJBO",1,51,80,0.00141,51.634,5.472,"NL",270,5.705,5.1825,19.815,28586.1125,5.68,189.1525,2848.4575,0,285.02,181.6925,4.425,0,213.215,31.1425
"WIJBO",1,65,10,0.00125,51.634,5.472,"NL",270,5.705,5.1825,19.815,28586.1125,5.68,189.1525,2848.4575,0,285.02,181.6925,4.425,0,213.215,31.1425
"WIJBO",1,69,60,0.000745,51.634,5.472,"NL",270,5.705,5.1825,19.815,28586.1125,5.68,189.1525,2848.4575,0,285.02,181.6925,4.425,0,213.215,31.1425
"WIJBO",1,62,45,0.00172,51.634,5.472,"NL",270,5.705,5.1825,19.815,28586.1125,5.68,189.1525,2848.4575,0,285.02,181.6925,4.425,0,213.215,31.1425
"WIJBO",1,70,55,0.00151,51.634,5.472,"NL",270,5.705,5.1825,19.815,28586.1125,5.68,189.1525,2848.4575,0,285.02,181.6925,4.425,0,213.215,31.1425
"WIJBO",1,50,70,0.001505,51.634,5.472,"NL",270,5.705,5.1825,19.815,28586.1125,5.68,189.1525,2848.4575,0,285.02,181.6925,4.425,0,213.215,31.1425
"WIJBO",1,60,40,0.002035,51.634,5.472,"NL",270,5.705,5.1825,19.815,28586.1125,5.68,189.1525,2848.4575,0,285.02,181.6925,4.425,0,213.215,31.1425
"WIJBO",1,56,100,0.000665,51.634,5.472,"NL",270,5.705,5.1825,19.815,28586.1125,5.68,189.1525,2848.4575,0,285.02,181.6925,4.425,0,213.215,31.1425
"WIJBO",1,69,90,0.00136,51.634,5.472,"NL",270,5.705,5.1825,19.815,28586.1125,5.68,189.1525,2848.4575,0,285.02,181.6925,4.425,0,213.215,31.1425
"WIJBO",1,73,NA,0.00134,51.634,5.472,"NL",270,5.705,5.1825,19.815,28586.1125,5.68,189.1525,2848.4575,0,285.02,181.6925,4.425,0,213.215,31.1425
"WIJBO",1,68,NA,0.00113,51.634,5.472,"NL",270,5.705,5.1825,19.815,28586.1125,5.68,189.1525,2848.4575,0,285.02,181.6925,4.425,0,213.215,31.1425
"WIJBO",1,72,NA,0.00121,51.634,5.472,"NL",270,5.705,5.1825,19.815,28586.1125,5.68,189.1525,2848.4575,0,285.02,181.6925,4.425,0,213.215,31.1425
"WIJBO",1,69,NA,0.00111,51.634,5.472,"NL",270,5.705,5.1825,19.815,28586.1125,5.68,189.1525,2848.4575,0,285.02,181.6925,4.425,0,213.215,31.1425
"WIJBO",1,45,NA,0.0014,51.634,5.472,"NL",270,5.705,5.1825,19.815,28586.1125,5.68,189.1525,2848.4575,0,285.02,181.6925,4.425,0,213.215,31.1425
"WIJBO",1,64,NA,0.00126,51.634,5.472,"NL",270,5.705,5.1825,19.815,28586.1125,5.68,189.1525,2848.4575,0,285.02,181.6925,4.425,0,213.215,31.1425
"WIJBO",1,68,NA,0.00133,51.634,5.472,"NL",270,5.705,5.1825,19.815,28586.1125,5.68,189.1525,2848.4575,0,285.02,181.6925,4.425,0,213.215,31.1425
"WIJBO",1,59,NA,0.00145,51.634,5.472,"NL",270,5.705,5.1825,19.815,28586.1125,5.68,189.1525,2848.4575,0,285.02,181.6925,4.425,0,213.215,31.1425
"WIJBO",1,65,NA,0.00129,51.634,5.472,"NL",270,5.705,5.1825,19.815,28586.1125,5.68,189.1525,2848.4575,0,285.02,181.6925,4.425,0,213.215,31.1425
"WIJBO",2,62,NA,0.00141,51.634,5.472,"NL",270,5.705,5.1825,19.815,28586.1125,5.68,189.1525,2848.4575,0,285.02,181.6925,4.425,0,213.215,31.1425
"WIJBO",1,58,NA,0.00109,51.634,5.472,"NL",270,5.705,5.1825,19.815,28586.1125,5.68,189.1525,2848.4575,0,285.02,181.6925,4.425,0,213.215,31.1425
"WIJBO",1,46,NA,0.00124,51.634,5.472,"NL",270,5.705,5.1825,19.815,28586.1125,5.68,189.1525,2848.4575,0,285.02,181.6925,4.425,0,213.215,31.1425
"WIJBO",1,65,NA,0.00102,51.634,5.472,"NL",270,5.705,5.1825,19.815,28586.1125,5.68,189.1525,2848.4575,0,285.02,181.6925,4.425,0,213.215,31.1425
"WIJBO",1,71,NA,0.00143,51.634,5.472,"NL",270,5.705,5.1825,19.815,28586.1125,5.68,189.1525,2848.4575,0,285.02,181.6925,4.425,0,213.215,31.1425
"WIJBO",1,71,NA,0.00136,51.634,5.472,"NL",270,5.705,5.1825,19.815,28586.1125,5.68,189.1525,2848.4575,0,285.02,181.6925,4.425,0,213.215,31.1425
"WIJBO",2,55,NA,0.00139,51.634,5.472,"NL",270,5.705,5.1825,19.815,28586.1125,5.68,189.1525,2848.4575,0,285.02,181.6925,4.425,0,213.215,31.1425
"WIJBO",1,69,NA,0.0013,51.634,5.472,"NL",270,5.705,5.1825,19.815,28586.1125,5.68,189.1525,2848.4575,0,285.02,181.6925,4.425,0,213.215,31.1425
"WIJBO",1,49,NA,0.00129,51.634,5.472,"NL",270,5.705,5.1825,19.815,28586.1125,5.68,189.1525,2848.4575,0,285.02,181.6925,4.425,0,213.215,31.1425
"WIJBO",1,57,NA,0.00132,51.634,5.472,"NL",270,5.705,5.1825,19.815,28586.1125,5.68,189.1525,2848.4575,0,285.02,181.6925,4.425,0,213.215,31.1425
"WIJBO",1,76,NA,0.00135,51.634,5.472,"NL",270,5.705,5.1825,19.815,28586.1125,5.68,189.1525,2848.4575,0,285.02,181.6925,4.425,0,213.215,31.1425
